{"cameraMode":{"drawMode":0,"name":"Shaded","section":"Shading Mode"},"sceneLighting":true,"audioPlay":false,"sceneViewState":{"showFog":true,"showMaterialUpdate":false,"showSkybox":true,"showFlares":true,"showImageEffects":true,"showParticleSystems":true},"in2DMode":false,"pivot":{"x":-32.514122009277347,"y":14.961915969848633,"z":2.8963193893432619},"rotation":{"x":-0.26281532645225527,"y":-0.6463238596916199,"z":0.25352272391319277,"w":-0.6700157523155212},"size":30.32477569580078,"orthographic":false}