{"cameraMode":{"drawMode":0,"name":"Shaded","section":"Shading Mode"},"sceneLighting":true,"audioPlay":false,"sceneViewState":{"showFog":true,"showMaterialUpdate":false,"showSkybox":true,"showFlares":true,"showImageEffects":true,"showParticleSystems":true},"in2DMode":false,"pivot":{"x":50.606956481933597,"y":0.2198830246925354,"z":109.99415588378906},"rotation":{"x":-0.03180233761668205,"y":0.018591074272990228,"z":-0.0005239055608399212,"w":-0.9993913769721985},"size":2.3334522247314455,"orthographic":false}