{"cameraMode":{"drawMode":0,"name":"Shaded","section":"Shading Mode"},"sceneLighting":false,"audioPlay":false,"sceneViewState":{"showFog":true,"showMaterialUpdate":true,"showSkybox":true,"showFlares":true,"showImageEffects":true,"showParticleSystems":true},"in2DMode":false,"pivot":{"x":61.55975341796875,"y":-145.83590698242188,"z":-71.83187866210938},"rotation":{"x":-0.004926266148686409,"y":-0.9259649515151978,"z":0.3777153789997101,"w":-0.011890791356563568},"size":304.5018615722656,"orthographic":false}