{"cameraMode":{"drawMode":0,"name":"Shaded","section":"Shading Mode"},"sceneLighting":false,"audioPlay":false,"sceneViewState":{"showFog":true,"showMaterialUpdate":true,"showSkybox":true,"showFlares":true,"showImageEffects":true,"showParticleSystems":true},"in2DMode":false,"pivot":{"x":87.0324478149414,"y":6.165050506591797,"z":87.46151733398438},"rotation":{"x":-0.16834822297096253,"y":-0.8315558433532715,"z":0.3671782612800598,"w":-0.38126206398010256},"size":48.720611572265628,"orthographic":false}