{"cameraMode":{"drawMode":0,"name":"Shaded","section":"Shading Mode"},"sceneLighting":true,"audioPlay":false,"sceneViewState":{"showFog":true,"showMaterialUpdate":false,"showSkybox":true,"showFlares":true,"showImageEffects":true,"showParticleSystems":true},"in2DMode":false,"pivot":{"x":29.02425765991211,"y":51.56556701660156,"z":54.317420959472659},"rotation":{"x":0.35111963748931887,"y":0.5519581437110901,"z":-0.27510058879852297,"w":0.7046634554862976},"size":2.6334521770477297,"orthographic":false}