{"cameraMode":{"drawMode":0,"name":"Shaded","section":"Shading Mode"},"sceneLighting":true,"audioPlay":false,"sceneViewState":{"showFog":true,"showMaterialUpdate":false,"showSkybox":true,"showFlares":true,"showImageEffects":true,"showParticleSystems":true},"in2DMode":false,"pivot":{"x":90.25563049316406,"y":-137.85552978515626,"z":64.99756622314453},"rotation":{"x":-0.708803653717041,"y":0.005668784026056528,"z":-0.005786564666777849,"w":-0.7053931951522827},"size":303.34881591796877,"orthographic":false}