{"cameraMode":{"drawMode":0,"name":"Shaded","section":"Shading Mode"},"sceneLighting":false,"audioPlay":false,"sceneViewState":{"showFog":true,"showMaterialUpdate":false,"showSkybox":true,"showFlares":true,"showImageEffects":true,"showParticleSystems":true},"in2DMode":false,"pivot":{"x":73.94998931884766,"y":-41.111454010009769,"z":57.0123405456543},"rotation":{"x":-0.7203695774078369,"y":0.00037038917071186006,"z":-0.0004766211495734751,"w":-0.6936245560646057},"size":206.4403533935547,"orthographic":false}