{"cameraMode":{"drawMode":0,"name":"Shaded","section":"Shading Mode"},"sceneLighting":false,"audioPlay":false,"sceneViewState":{"showFog":true,"showMaterialUpdate":true,"showSkybox":true,"showFlares":true,"showImageEffects":true,"showParticleSystems":true},"in2DMode":false,"pivot":{"x":52.32110595703125,"y":35.00631332397461,"z":51.87989044189453},"rotation":{"x":-0.09804955869913101,"y":-0.35959479212760928,"z":0.037930600345134738,"w":-0.9272999167442322},"size":22.0,"orthographic":false}