{"cameraMode":{"drawMode":0,"name":"Shaded","section":"Shading Mode"},"sceneLighting":false,"audioPlay":false,"sceneViewState":{"showFog":true,"showMaterialUpdate":true,"showSkybox":true,"showFlares":true,"showImageEffects":true,"showParticleSystems":true},"in2DMode":false,"pivot":{"x":28.030780792236329,"y":-3.256206512451172,"z":46.83578109741211},"rotation":{"x":-0.22460804879665376,"y":0.6584812998771668,"z":-0.21588481962680818,"w":-0.6850888729095459},"size":62.09148406982422,"orthographic":false}