{"cameraMode":{"drawMode":0,"name":"Shaded","section":"Shading Mode"},"sceneLighting":true,"audioPlay":false,"sceneViewState":{"showFog":true,"showMaterialUpdate":false,"showSkybox":true,"showFlares":true,"showImageEffects":true,"showParticleSystems":true},"in2DMode":false,"pivot":{"x":73.94596862792969,"y":-89.31830596923828,"z":71.0869140625},"rotation":{"x":-0.7109389901161194,"y":0.0014317181194201112,"z":-0.0015379878459498287,"w":-0.7032848596572876},"size":206.4403533935547,"orthographic":false}